budget,revenue,popularity,runtime,vote_count,profit,roi,log_budget,log_revenue,log_popularity,overview_length,director_success_rate,lead_actor_success_rate,genre_popularity_score,release_year,release_month,decade,is_modern,is_summer_release,has_tagline,budget_tier_encoded,release_season_encoded,is_english
-0.07559465,0.013987459,0.008154712,0.54059285,0.2864194,0.012660829,-0.012980025,-0.016781684,-0.005550061,0.00014131187,-0.023900054,-0.01889863,-0.044425737,-0.031810593,-0.0009780509,0.00322879,0.0006344074,-0.0024993196,-0.0006363255,-0.008265531,-0.0019437298,-0.0071068434,-0.016921738
-0.111488506,0.052092876,-0.054719128,-0.17173734,-0.55751705,-0.13871568,-0.022610467,-0.035402656,-0.01880603,-0.041049793,0.07301912,-0.01599132,-0.043152653,-0.021980366,0.10894666,0.09732872,0.019540317,-0.008622707,0.0003277795,-0.017609455,-0.0028881389,0.034385398,-0.023616958
-0.22540873,0.0038321966,0.033747207,0.2758522,-0.021552552,-0.039825883,-0.062439404,-0.039366685,-0.029507112,0.013806887,0.089432485,-0.023045633,-0.045260504,-0.040583402,0.0058653587,-0.0022518116,-0.0007042234,-0.0030547832,-0.000116166135,-0.007260021,-0.00085029245,-0.008704518,-0.012739383
-0.023274804,0.0060264827,-0.12515026,-0.15635169,-0.91414165,-0.17118292,-0.05095069,-0.004046438,0.006428548,-0.037983622,-0.46285468,-0.019865077,-0.040719274,-0.024031283,-0.4021891,-0.02825066,-0.03384282,-0.007914669,-0.00032874462,0.13818917,-0.0007617573,-0.0011829744,0.31873044
-0.17116793,-0.026854407,0.03485733,0.0010902394,0.009627493,0.028308071,-0.047089096,-0.040980864,-0.02190766,0.010948168,-0.007878308,-0.017879937,-0.046293903,-0.02423,0.0048854016,0.0034736914,0.0015446498,-0.0027961873,-0.00023996769,-0.015293381,0.00032756658,-0.009913973,-0.023177294
-0.194278,-0.035257578,-0.042525437,0.13135278,0.20457749,-0.00906126,-0.05232622,-0.041336544,-0.012375243,-0.007226679,0.0075141606,-0.02404093,-0.04861498,-0.040295515,-0.009698599,0.017016936,-0.0007363672,0.005295938,-0.0001999735,-0.010064833,-0.002456951,0.008611497,-0.018315906
-0.17513873,0.0017093846,0.032685,0.40172905,0.015604349,-0.08826802,-0.08032877,-0.034819722,0.009113342,0.013395288,0.11537111,-0.022008015,-0.04440318,-0.03550677,0.012043308,-0.008543323,0.0009214859,-0.0018555645,-0.00020139836,-0.010027042,-0.0019040881,-0.008961501,-0.01591854
-0.13000955,0.0051349066,-0.022363517,0.17797613,0.23008642,-0.0008046528,-0.028558346,-0.030852709,-0.012659902,-0.004072415,-0.010696169,-0.02214347,-0.04833352,-0.039906614,-0.0012952514,0.0034361728,0.00095883163,-0.0023562894,-0.00017532434,-0.009526729,-0.0019565336,-0.0058068796,-0.01930721
0.031440463,0.0022272367,-0.03805737,0.025703695,0.6547561,0.022931091,-0.059694,0.003266686,-0.013167789,-0.007252264,-0.0054530622,0.1715867,0.45973918,0.20024695,0.0073791756,0.003189405,0.0023093007,-0.003949878,-0.00028982153,-0.012197553,0.00045015546,-0.0064255535,-0.012129985
-0.061536103,-0.041933913,0.022138642,0.023377879,-0.11619938,-0.02721572,0.053527657,-0.027035147,-0.017375555,-0.005077453,-0.013957449,-0.01997697,-0.0395918,-0.022150015,0.033748228,0.005074329,0.0023294638,0.0032188843,0.0028817037,-0.01483378,0.000571477,0.008510127,-0.025479648
-0.3850098,-0.03717783,-0.0680737,-0.008552905,0.259147,-0.014673716,-0.039359093,-0.11415965,-0.016186139,0.0019374297,-0.0043486,-0.023612594,-0.050697885,-0.043869782,-0.00624845,0.00054506835,0.0004727738,-0.0075793704,-0.00012325232,-0.00955741,-0.00126331,-0.00582651,-0.020156039
-0.099465065,0.014864175,0.03633972,0.04910733,-0.07952675,-0.013379676,-0.078337006,-0.011737634,0.011578979,0.010999616,0.0034358874,-0.01824523,-0.0446523,-0.028450487,0.011542812,-0.00335608,0.0010381129,-0.001995281,-0.00023475206,-0.0155109335,0.001039199,-0.014189354,-0.025305573
0.14515345,0.068478845,-0.010097363,0.45239776,-0.39204147,0.043274373,-0.07143665,0.022608954,0.012791318,-0.018766453,0.06728212,-0.016657403,-0.032207727,-0.025298234,0.018995358,0.016462682,0.0055831824,-0.007287303,-2.8814819e-05,0.06294863,-0.0025540038,-0.004737974,0.28030846
-0.010644387,-0.0030723158,-0.024075877,-0.09932316,0.40274736,0.0028784778,0.10965413,-0.012589324,-0.0159181,0.008458673,-0.016185774,-0.013510792,-0.0535782,-0.03148737,-0.009207882,-0.011090746,0.0012602225,0.005920327,-0.00024374262,-0.008396421,0.00035201944,0.008864843,-0.019383032
-0.2580104,-0.01666909,-0.01633127,0.3234384,0.29722065,-0.0053657554,0.06409466,-0.065485924,-0.0060792756,0.010697884,0.0032734596,-0.02163593,-0.04578401,-0.035814647,0.10604791,-0.067193724,0.009618396,-0.0023081896,0.00022688339,-0.0066725165,-0.00036540805,0.017880032,-0.019179914
-0.03800275,0.032119744,-0.04145552,-0.021257587,0.32357222,0.008897,-0.07643739,-0.00497012,0.0114831105,0.0042274217,-0.0019546691,-0.016302114,-0.052480806,-0.035703067,0.044069033,-0.0005481041,0.0012670547,0.004432794,-0.0001925503,-0.012688038,0.0003033664,-0.0068738596,-0.025096588
-0.13304645,0.0026984706,0.086722724,-0.19020152,0.5443766,-0.0014603289,0.09158592,-0.05289096,0.00072878046,0.03841033,-0.013918481,-0.014211845,-0.05495988,-0.027920268,0.0045077694,0.0070181866,0.001272889,-0.0027008948,-0.00014746984,-0.017427508,-0.0027869942,-0.0026972787,-0.019513514
0.13615783,0.0029172495,-0.006476529,-0.465296,-0.5577215,0.053789858,-0.040033318,0.034930613,-0.011965028,0.0066464925,0.043034073,-0.016960073,-0.042314913,-0.02286101,0.011126237,0.0057808575,0.0014520007,-0.0067936038,-0.00027180696,0.11167909,-0.0008423376,0.000641459,-0.016970983
0.16108,-0.016182588,-0.015245997,0.10661167,0.079670705,0.027469426,0.11954178,0.03345991,-0.0283093,0.012875157,0.027444756,-0.01902425,-0.038799245,-0.027972855,0.019755438,0.004470004,0.0019754195,-0.0042584455,-0.00019767617,-0.014097542,0.000177346,-0.0044183442,-0.024059203
0.026044894,0.034956075,-0.023933617,0.24619791,-0.09235872,-0.047408957,-0.0669351,-0.008272873,0.0009911753,-0.016133921,-0.0076357494,-0.023800803,-0.04401103,-0.03449749,-0.009991444,-0.0006139357,0.0028783367,0.004321127,-0.0006523068,-0.00903429,0.0010606303,-0.010778987,-0.025589738
-0.06540307,-0.07081686,-0.0109088,0.58287734,0.046660926,-0.03967575,0.044701405,-0.015737094,-0.02516452,-0.004005887,0.009077384,-0.014818645,0.43050122,0.16386148,0.009805691,0.0026065,0.0013276493,-0.0030049467,-0.00035895742,-0.009808938,-5.8830476e-05,-0.004746666,-0.018488891
-0.19306761,0.019284943,-0.0048619164,0.3093405,-0.12957382,-0.022503126,-0.06520431,-0.04627453,-0.0052928077,0.005622338,-0.07648718,-0.022317102,-0.04514827,-0.04221066,0.008077574,-0.0018583426,0.0017609023,-0.0032701637,-0.00079871377,-0.0067137596,-0.00105643,-0.011969362,-0.01920558
0.068824396,0.041679956,-0.0172541,-0.20637469,-0.32440573,0.04615015,-0.05064303,-0.008112458,0.00680821,-0.004248331,0.056268677,-0.015737507,-0.03926371,-0.022294113,0.028501276,0.010783974,0.0013817307,-0.0040043592,-0.00035765965,-0.010838329,-0.0009784573,-4.5588033e-05,-0.01771831
-0.09090694,0.033012755,-0.010916219,-0.081777014,0.049292423,-0.09815433,-0.073112935,-0.008016867,0.005231755,0.011181213,-0.013794238,-0.017749729,-0.048097398,-0.025545562,0.016753787,-0.00070364866,0.0008206742,-0.0012498106,-0.0007027094,-0.015792415,0.0026271553,-0.01626516,-0.023559617
-0.006502701,0.0446034,-0.017253537,-0.10907858,0.45217305,0.020879539,-0.059765473,-0.004046072,-0.0215054,0.008598028,0.019732889,-0.013368733,-0.05441742,-0.032395717,0.0027951668,0.0016836172,0.0008682358,-0.0039886595,-9.560318e-05,-0.015968045,0.00047892582,-0.0075469287,-0.020939361
0.19225818,0.09008372,-0.0067651793,-0.058768302,-0.15306716,0.05160756,-0.04975183,0.044636775,0.019177629,0.0047662677,-0.0077717425,-0.013239072,-0.037239254,-0.023093034,-0.037613384,0.0039495197,0.002553613,-0.0036705148,0.0030370567,-0.012868506,-0.00030253668,0.0045465366,-0.024308462
-0.014567742,0.016846318,-0.05692335,0.18794243,0.258587,0.013235868,-0.051782705,0.0031565477,0.0019210964,0.0025524728,-0.016237628,-0.020767845,-0.046788443,-0.038427796,0.011038605,0.0012927982,0.0009704069,-0.0031784675,-0.00023712986,-0.0102280835,-0.0023021153,-0.00765431,-0.024391014
-0.17781067,0.0033941416,-0.00029973732,-0.38734168,-0.20372503,0.054430466,0.021269694,-0.040916916,-0.01745591,-0.012371022,-0.026923478,-0.015236752,-0.04195592,-0.023383252,-0.00225583,0.0017236302,-6.2554034e-05,-0.0029682326,5.442068e-05,-0.019988412,0.00094858353,-0.0077996505,-0.02746468
0.17040378,0.03993819,0.03778194,-0.08316235,-0.06424223,0.017423498,-0.026298866,0.063549064,0.012910098,0.015501465,0.19460762,-0.014887256,-0.037825968,-0.024174003,0.040585637,0.00690967,0.0028181025,0.013939807,0.00462874,-0.0254033,-0.00088120275,0.038847536,-0.034259044
0.2402429,0.08563808,0.009584098,0.21459234,-0.46692765,0.06698485,-0.08045292,0.05781492,0.0073128594,-0.004549547,0.016198479,-0.021805575,-0.043688122,-0.03726292,0.013774126,0.006667778,0.003297534,-0.012867394,-0.0003707808,-0.005819686,-0.0006030178,-0.002369723,-0.023277128
0.12249896,0.048441574,-0.054251943,-0.041386183,-0.3303431,0.039380074,-0.033535153,0.042535756,0.007232661,-0.027241502,0.31105107,-0.012156024,-0.032410964,-0.01893543,0.019514373,0.0117259445,-0.0018470339,-0.012912264,0.0003109314,-0.020541936,-0.00080185407,-0.0061714742,0.38996896
-0.29254,-9.780913e-05,-0.0075585535,-0.14961761,-0.11730412,-0.029805921,-0.0896792,-0.07876697,-0.000904466,0.007472368,-0.037238482,-0.016090242,-0.042235445,-0.02389373,0.0123942355,0.001494144,0.00064146693,-0.00030477176,-5.6813024e-05,-0.018177174,0.00034305063,-0.02120298,-0.025100825
-0.27663663,-0.0101487795,-0.012624269,0.3873097,-0.20174731,0.021070203,-0.019106874,-0.053205177,-0.012312472,-0.0085971,-0.03484879,-0.019084532,-0.039465614,-0.03508225,0.0026366664,0.0015832869,0.0010515376,-0.002083122,0.0009567139,-0.011090905,-0.00094042765,-0.004003114,0.2580872
-0.1971486,-0.0084314225,0.017543767,-0.43477112,-0.060557004,0.000176451,-0.05499942,-0.04289582,-0.019212529,0.031112213,-0.003921406,-0.016458595,-0.043147337,-0.023537362,0.006492459,-0.0019481255,0.0012111183,0.00123155,-0.0001405104,-0.025087615,-0.0025957036,-0.0146177355,-0.020506293
0.07431289,0.07159018,0.02190659,0.22437176,0.048402492,-0.01068489,-0.062171027,0.013711718,0.026724547,0.017350934,0.014430102,-0.022649163,-0.0432992,-0.03499587,0.014388064,0.004958315,0.002591701,-0.0019087936,-0.00047737677,-0.008304092,0.000730362,-0.009880272,-0.025342166
0.08991466,0.009413599,0.057601914,-0.50539637,-0.9273583,0.016233983,-0.037640754,0.035950698,-0.014173993,-0.014957802,0.002941907,-0.01756552,-0.042212233,-0.022125917,-0.007338556,0.00017712751,0.0014310561,-0.003576636,1.7900154e-05,0.23640066,4.384236e-05,0.007575552,-0.013086318
0.111018285,0.009309457,-0.05589621,0.21897423,-0.13067447,0.04496972,-0.08587926,0.018197618,0.004473181,-0.010725764,-0.0055747074,-0.017563256,-0.036645412,-0.031408407,-0.059540063,-0.00231789,0.0022780802,0.0026419712,-0.00057900324,-0.0070201172,-0.00013553511,-0.008272118,0.37781906
-0.23323883,-0.020927407,0.008078886,-0.1968092,-0.102001294,-0.008503369,-0.065339185,-0.0695167,-0.025320292,0.021143055,0.032978684,-0.015365735,-0.04112543,-0.023362795,0.049276497,-0.0014678376,0.0015091961,0.008417492,6.4368476e-05,-0.020016983,-0.0012564224,0.07138244,-0.02237415
0.13871385,0.027839443,-0.0022651548,-0.27554175,-0.08989462,-0.012372155,-0.032205604,0.034107365,-0.003370979,0.0028604625,0.028496262,-0.015053689,-0.03984522,-0.024073007,0.00670826,0.00057977467,0.00010089135,-0.0047216006,-0.00013895627,-0.016707368,-0.0011258039,-0.00748933,-0.028206488
-0.09236822,0.004540714,0.0049486314,0.0093938885,0.21332006,0.028775498,-0.013745714,-0.036949113,-0.020417506,0.00043709207,-0.006976257,-0.016746711,-0.056810595,-0.034444734,0.0032292507,0.0009428566,0.000986617,-0.0021861172,-0.00012658793,-0.0156262,0.00032081493,-0.010406649,-0.020583874
-0.11181712,-0.006951223,0.016801856,-0.29412046,0.30500028,-0.024259988,-0.0201772,-0.03709501,-0.019652322,0.020292664,-0.023804365,-0.015014282,-0.056237064,-0.030712057,-0.013631645,-0.009144865,-0.00034323754,0.006308577,2.5732952e-06,-0.019407686,-0.0031428854,-0.012112209,-0.015147272
0.051237777,0.039482336,0.028778281,0.40904438,-0.0337248,-0.054721918,-0.01761399,0.017924288,0.017685005,0.008673475,-0.054464564,0.12683426,0.25677437,0.20531325,0.0075764013,0.0060532186,0.0021497232,-0.0026071344,-0.0004662144,0.071946,0.0013300384,-0.009890264,-0.016677368
-0.17857559,-0.0277671,0.01095223,-0.13362244,0.39277455,-0.023847932,-0.04574837,-0.06434776,-0.018499851,0.030518748,0.0024030185,-0.016206667,-0.05867553,-0.031291477,-0.00039386688,0.003421652,0.0005202203,-0.0059332973,6.7082285e-05,-0.017821563,-0.0028919347,-0.011543151,-0.018392643
-0.24463893,-0.018747661,0.030105015,-0.1134164,-0.13868807,-0.04077083,-0.0637708,-0.07090917,0.0073888716,0.0036124485,-0.016037574,-0.015259748,-0.0424846,-0.025124982,0.010484697,-0.005663808,0.0015365245,-0.0013354358,-0.00014400143,-0.013441312,-0.00011416001,-0.019408055,-0.022866167
-0.11660929,-0.031365782,0.01780604,-0.4004327,-0.16630079,-0.006186853,-0.08466996,-0.025753627,0.0031980167,0.015182046,-0.0102410065,-0.015393129,-0.041173,-0.021429924,0.009303602,0.004124553,-0.00020058294,-0.0033916987,-9.3900504e-05,-0.023632666,0.0004393025,-0.0016543546,-0.028819116
0.22799404,0.050996225,-0.120735094,0.21933593,-0.6560098,0.05137962,-0.060626786,0.030774524,0.017138606,-0.021452572,0.068241164,-0.022468023,-0.045091353,-0.039795116,0.039890468,0.043766364,0.013016079,0.01741253,-0.0013435042,-0.00017396992,0.000502504,-0.013803387,-0.016129678
-0.018506715,0.010450851,-0.046387073,0.520365,-0.13709831,-0.11784985,-0.05684765,-0.008181817,-0.008295904,-0.028864037,0.009551905,-0.021236213,-0.040386766,-0.03033313,0.002345051,0.006811688,0.0019801361,0.00093967974,-0.00028488168,0.042974286,0.0017168612,-0.0075302604,-0.024058314
-0.22617204,0.004037084,-0.041920047,-0.1732088,-0.10858768,0.010127118,-0.07503085,-0.07224343,-0.019031242,-0.0012589633,-0.0007741176,-0.014677917,-0.04111614,-0.024336703,0.011425297,-0.00260134,0.0010675684,-0.0024192138,-0.00020599009,-0.019715961,0.00022240306,-0.016081622,-0.026623681
-0.16591236,0.019048939,-0.03701582,0.27109274,0.26195803,0.018581545,-0.02013371,-0.037542395,-0.0072153243,-0.002072978,-0.029601775,0.07244273,0.222921,0.17802858,-0.0056718965,-0.0047188937,-0.0002460096,-0.0013492696,0.0007435055,-0.0044906368,-0.002458795,-0.0051068114,-0.009037798
-0.03148214,0.013599598,0.0009903283,-0.0072336216,0.18431188,0.03533332,-0.15769571,-0.0014567918,-0.0039286753,-0.002119536,0.033291094,-0.017995097,-0.04970758,-0.03298101,-0.3206897,0.015407521,-0.01304959,0.0026278475,-0.0014994179,-0.018804358,0.0015143934,0.029873673,-0.02253363
-0.008922677,-0.0024781807,-0.26096603,-0.39193073,-0.8043915,-0.031187717,-0.053418066,0.011214812,-0.0052041,-0.027189212,-0.0019399169,-0.016664641,-0.040823687,-0.022884402,-0.20366345,0.017563041,-0.04274114,0.024576813,-0.00091426156,0.09917275,-0.002973608,0.031313017,-0.01772254
-0.07533153,0.08305846,-0.033214923,-0.35943365,-0.122670256,-0.0013122258,-0.048849247,-0.030467952,0.037997972,-0.01746775,0.1625839,-0.01592221,-0.04075454,-0.02285131,0.015463929,0.014350239,0.004535005,0.00016277688,-0.00026424762,0.15168953,-0.0011750272,-0.007459312,-0.03608415
0.078965716,0.01780155,0.045799185,0.43261197,0.08734885,0.017747492,-0.008955625,0.02458065,-0.0032283205,0.018976165,0.019215485,-0.020871297,-0.039305214,-0.030981243,0.050142683,-2.9347611e-05,0.0051705306,-0.0019605656,-0.0005506892,-0.0095473705,0.00052021974,0.00044713123,-0.02512433
0.07576181,-0.020647958,0.020517936,-0.30874968,0.16743585,-0.014237589,0.06211612,0.0218623,-0.034184705,0.028095638,0.0047363695,0.13929002,0.2619922,0.2212566,0.10851358,0.0014824743,0.011295463,-0.004495999,0.0021589492,-0.015412744,-0.0012140351,0.018033788,-0.014906645
0.094692126,-0.075748175,-0.03616613,0.3444023,0.19424243,-0.026162094,0.059552014,0.027032219,-0.030871294,-0.000845443,0.04193978,-0.13000861,0.18085639,0.11473382,0.12741531,-0.02226006,0.0067270636,-0.0020806948,-0.0012604194,-0.00823534,0.00044195703,0.015415473,-0.014912486
-0.26516855,0.036486752,-0.012760987,0.24571021,0.7368025,0.011991288,-0.046655722,-0.09719142,-0.008630068,0.016022943,0.027729755,-0.020277938,-0.03413876,-0.03967548,0.0030910494,0.00061291805,0.00079523184,-0.0025181796,-0.00020957035,-0.009341336,-0.0010361887,-0.00782031,-0.01530971
0.13152485,0.01663694,-0.015609718,-0.070858344,-0.15187922,-0.015573852,-0.03741997,0.049191482,0.009847576,0.0052512083,0.030789087,-0.014595514,-0.037865885,-0.025062317,0.009692166,0.0025197193,0.0016388216,-0.0014672242,-0.0003273706,-0.016081411,-0.0011258039,-0.0069028446,-0.025321059
-0.15933457,-0.0008264461,-0.026043218,-0.2046632,-0.1934575,0.022610184,-0.06687198,-0.040067054,0.011771454,-0.01829353,-0.077901945,-0.015262077,-0.040553443,-0.023243057,0.012197198,0.004044469,0.0014206584,0.0002366343,-0.00048639847,-0.013668726,0.0004645031,-0.005480598,-0.027436668
0.02202813,0.0065497975,0.047976643,-0.24794318,0.46599737,-0.021626191,0.09491602,0.0010805981,-0.005622085,0.025400588,-0.08643166,-0.0148737915,-0.05485814,-0.029515283,-0.081812605,-0.07734104,-0.02285589,0.0051809964,-0.0011098223,-0.014826041,0.003988133,0.021590376,-0.02189542
0.13857017,0.08183508,-0.050474804,-0.044439025,0.24967124,0.06806987,0.08897358,0.027873935,0.030310512,0.0061952206,0.038057216,-0.012953124,-0.05071184,-0.02738492,-0.18284045,0.0030128,-0.017597288,0.0020383713,0.0042055626,-0.022975624,0.00021471718,0.011104575,-0.018633937
-0.08768576,0.0010477259,0.028204229,-0.08454163,0.11969552,0.015108488,-0.021860944,-0.014236178,0.0037996978,0.02877716,0.00030087042,-0.01439615,-0.042900283,-0.025009073,0.009677197,0.003214214,0.0035816464,0.0052152146,-0.00025008616,-0.012585895,0.00033646415,0.045768663,-0.020993944
0.1447736,0.037185997,0.046534445,0.32965901,-0.24801637,-0.0048177848,-0.051037893,0.03701987,0.0014523842,0.013723457,0.05289177,-0.02130276,-0.04205624,-0.035610937,0.0059234654,0.0020094411,0.002390658,-0.0056152623,-0.00041229834,-0.013987306,-0.0006988017,-0.013243444,-0.025140004
0.010892338,0.05351312,-0.04595497,-0.007273934,-0.2331501,-0.08175028,-0.055142887,0.0026554214,0.012734315,-0.040086918,0.026579255,-0.020784214,-0.042551026,-0.022513999,0.018161934,0.005410001,0.0041105472,0.000100987425,-0.0003569052,0.10828204,-0.0010176913,-0.0018722533,-0.02171852
0.08257098,0.0003992673,0.002490235,-0.09931397,0.3071685,-0.01230848,0.08341806,0.020525068,-0.016468396,0.017267019,0.004809705,-0.01301872,-0.053095303,-0.030499646,0.0014056028,-0.017852072,0.0019141906,0.0063482258,-0.00037029595,-0.012850997,0.00013049354,-0.0033255974,-0.021012109
-0.19623357,0.0057167173,-0.044688772,-0.16212666,-0.11819737,-0.00649456,-0.056076374,-0.06842451,-0.006442103,-0.00891723,-0.005694808,-0.015209719,-0.04104339,-0.024321698,0.035864864,-0.010338388,-0.0002804218,0.0037857962,0.0020029359,-0.019119645,0.0003612257,-0.015579642,-0.025905969
0.19915876,0.029117808,0.07555334,-0.06816555,-0.24780689,0.019986143,-0.0359316,0.04980779,0.007154173,0.01045331,-0.040692095,-0.011152795,-0.03335041,-0.02038469,0.011429354,0.005742847,0.0027255474,-0.026968068,-0.000462254,0.084233105,-0.0012395066,-0.009401308,0.41830555
-0.29035133,0.019718084,-0.07908751,0.11224386,0.19564116,0.03526334,-0.18211004,-0.075994544,-0.0066343425,-0.0040600286,0.02907088,-0.023777897,-0.049154073,-0.044298798,-0.33167773,-0.045397572,-0.013011419,0.019662792,-0.0010474398,-0.017222486,-0.0013144484,-0.0024801635,-0.018013192
-0.19514735,-0.0027904469,0.048345525,0.3640214,-0.0022330286,0.02140043,0.028059835,-0.045958206,-0.0012083955,0.013028994,-0.003975516,-0.022360403,-0.04199902,-0.035978876,0.11019264,-5.8115547e-05,0.016951134,-0.0015038289,0.0002924364,-0.01167665,-0.00046942744,0.013683348,-0.014928792
0.0061126514,0.011684833,0.027268404,0.14605337,0.13939755,0.035040073,-0.08911128,0.013787748,0.005646485,0.024538811,-0.0043094903,-0.021994982,-0.044584263,-0.03740054,0.014291266,-0.00022952608,0.00080744055,-0.0015240831,-0.00014750646,-0.011900279,0.0005323454,-0.012960039,-0.024146827
0.15166654,0.12293965,0.0012812235,-0.051646575,0.28950834,0.018361682,0.11936553,0.039947502,0.046504624,0.026537966,-0.2984464,-0.012216325,-0.051300403,-0.02776292,0.008700406,0.0024584008,1.8898081e-05,-0.0015095987,-0.0002092591,-0.027399734,0.00045899505,0.0014331989,-0.017956382
0.14297725,0.038381983,-0.0067168768,0.36913064,0.09271716,0.026138956,-0.04685754,0.019214926,0.028562661,0.019149285,-0.009850548,0.19124646,0.43332776,0.21899444,-0.079878345,0.0021088545,-0.021135092,0.0034419366,0.0007622841,-0.01664968,0.002267972,0.021345226,0.18978018
-0.29727554,-0.012099426,-0.04617337,0.2504645,0.622741,-0.008170218,-0.028704708,-0.05644044,-0.014320729,0.0023335854,0.023646109,-0.02018745,-0.038085043,-0.0422597,-0.07142654,-0.011424596,-0.01535266,0.0065583684,-0.00087383756,-0.013396473,-0.0011439127,-0.004371281,-0.017525366
0.13220721,-0.004461864,0.04002235,0.19361481,-0.06936401,-0.02711568,-0.06243683,0.031410765,0.0066484767,0.013867911,-0.043188468,-0.021984944,-0.04130084,-0.0358867,0.011963049,0.0035401927,0.001562039,-0.003277702,-0.000489036,-0.013936819,0.00173759,-0.008561041,-0.027239034
-0.05683191,-0.0034812787,0.06307713,-0.21962452,0.46753085,0.0040053525,0.1032937,-0.03414407,-0.0071061077,0.048191316,-0.012591706,-0.014018543,-0.053394422,-0.028974079,0.002679917,0.0028118514,0.000571787,-0.002133803,3.1945652e-05,-0.019680344,-0.0027869942,-0.004513731,-0.019034812
0.10394318,0.09659934,0.039773557,0.12199022,-0.1223652,0.020999784,-0.06299534,0.01664603,0.019653015,0.0029250507,-0.034926105,-0.016787516,-0.042574234,-0.028282069,0.02172106,0.005910466,0.0030232253,-4.0165352e-05,-0.0003341975,-0.0129886335,-0.0009769629,-0.0028513859,-0.024928056
-0.15684108,-0.08684587,0.047780737,0.39018765,-0.012980154,-0.052730393,0.057947483,-0.047820322,-0.027812067,0.0030454902,0.014779817,-0.02330581,-0.042599577,-0.035061233,0.01849348,0.02273592,0.0017867256,0.0042521725,-8.426313e-05,-0.006141683,-0.0010364086,0.03897522,-0.01682702
-0.0034639607,-0.042602763,0.005403239,0.45532668,-0.37148067,0.025680073,-0.04536285,-0.010814196,-0.025468584,-0.009142845,-0.037788127,-0.024164526,-0.042529125,-0.03457484,-0.06890165,0.0018155649,-0.021754183,0.010378343,-0.0007307739,-0.00011553143,0.00039489844,-0.030202527,-0.019301245
-0.0716202,0.01786058,-0.022020273,0.20734295,0.34782404,0.019339725,-0.038040686,-0.026543869,-0.009147487,0.0097927,0.08005817,0.11766054,0.26105863,0.18934062,0.045889243,0.010027139,0.0010991481,0.008833958,-8.252573e-05,-0.0105574485,-0.0022621944,0.009412793,-0.012068443
-0.40473664,-0.061005466,-0.029160146,0.04876883,0.16399972,-0.023976225,-0.03394776,-0.11317278,-0.04175388,-9.232707e-05,-0.041495193,-0.024453903,-0.051682334,-0.043922137,-0.048449747,-0.0029796925,-0.015588891,0.021359883,-0.0008004858,-0.006192411,-0.0011567166,0.040870864,-0.017980758
0.19223346,0.03416372,-0.028359031,-0.28451017,-0.03365837,0.048682436,-0.043275442,0.06584734,-0.0059557627,-0.011095986,-0.025351757,-0.014880572,-0.03874412,-0.023661697,0.08412379,-0.008499436,0.0079484945,-0.0076210257,-0.00018318082,0.19871075,-0.0004070548,-0.009871055,-0.028586602
0.035324804,0.08924816,-0.015616022,-0.1450062,0.5313981,0.013741123,-0.010381992,-0.0033446269,0.02856802,0.017548088,0.015193937,0.16700986,0.5316578,0.23566881,0.0021221146,0.00011762741,0.0006525475,0.0046101534,0.002168525,-0.01693844,0.0001331906,0.014271103,-0.011368124
0.0041995104,0.042482402,0.01475963,0.57494706,-0.569464,-0.103419125,-0.07493928,-0.013158138,0.00031346845,-0.040113665,0.018484646,-0.025165295,-0.04347726,-0.030703122,0.016337985,-0.0063716923,0.0055800606,-0.0132264905,-7.921053e-06,-0.017118076,-0.0005457291,0.019010166,-0.009942535
0.005310178,-0.019285273,0.0008160705,0.39817172,-0.083961196,-0.008821045,0.056856576,-0.0027858785,-0.015594934,-0.004377721,1.65963e-05,-0.024243597,-0.039128054,-0.0332386,0.037407536,0.013000654,0.006724304,-0.0020247777,8.255376e-06,-0.012238837,0.00073866494,0.00016206078,-0.026542064
0.12183228,0.22435232,-0.0005885419,-0.3660946,0.2596715,0.061602365,0.13284485,0.049444143,0.10056283,0.036722504,-0.077879876,-0.015145773,-0.048578814,-0.025018454,0.0032036924,0.010518366,0.000224763,0.0050532124,0.0040600933,-0.02254378,-0.005518771,0.007449149,-0.020032747
-0.023979377,0.00958317,-0.0045751226,0.010896537,0.3696708,0.0014880451,0.10548836,-0.0065695136,-0.014272249,0.013407605,0.0024383687,0.071102604,0.30862597,0.197553,0.008678786,0.0030021237,0.0017294829,-0.00080532243,0.0010648541,-0.010612582,0.00032778457,-0.003577356,-0.01512234
-0.21427387,0.0048514125,-0.0059208,0.17881224,-0.13106519,0.051702432,-0.016172705,-0.054233354,-0.019919809,-0.012498136,0.0055780974,-0.022987708,-0.045710284,-0.04137699,-0.0014381619,-0.004873004,0.00040571982,-0.003323448,-0.00017471012,-0.011032573,-0.0017223317,-0.010498649,-0.02085922
0.03637596,0.045710545,0.061271023,0.34511,-0.6069834,-0.02862566,0.03910558,0.029156432,0.030314121,-0.035354022,0.02767632,-0.016109109,-0.039750814,-0.01985349,0.030811243,0.0068986975,0.0005881529,0.0026122606,-7.688759e-06,0.21181014,-0.0005407096,-0.0020687783,-0.012562657
0.06364544,0.018247658,-0.025100714,0.42904332,-0.15874207,0.020199116,-0.05313012,0.012957957,0.010168019,-0.015772996,-0.09019712,-0.021404415,-0.0412491,-0.03286874,0.017056584,0.011136255,0.0015105036,-0.0016285649,-0.000704109,0.03193239,0.0011433912,0.0029636812,-0.022535965
0.093976445,0.0074817436,0.11697287,0.41985735,-0.59172523,0.119045,-0.043180406,0.008781231,0.019625196,-0.002520814,-0.48380578,-0.025296735,-0.04161209,-0.03351041,-0.082132764,-0.0016220959,-0.015935851,-0.010198303,0.0023064145,0.06987222,-0.0007563557,-0.04364669,-0.011078338
-0.084011674,0.039694887,-0.06387184,-0.39724007,-0.22095387,0.008903591,-0.07990734,-0.032297287,0.01713403,-0.0040332293,-0.12975076,-0.014566177,-0.039838545,-0.02335197,0.0074042412,0.015310594,0.010205064,-4.1620988e-05,-0.00032268258,-0.009029759,-0.0004908758,0.017592706,-0.024822736
0.20363775,-0.0024035526,-0.02082714,0.123862885,-0.2004949,0.013143607,-0.06576332,0.037886243,0.0044630207,-0.00096577377,-0.008569133,-0.019416336,-0.040302258,-0.029000094,-0.09475178,0.01612635,-0.028130593,0.009932158,-0.00034829878,-0.0226614,-0.0023706227,0.030927243,-0.026208634
0.1979552,0.019457193,0.03268209,-0.26854497,0.08737408,0.049695186,-0.035683814,0.05326394,-0.0019151915,-0.007398273,0.037237212,-0.014417095,-0.04076369,-0.024151376,-0.08176941,0.009919085,-0.028817104,0.016759042,-9.3001345e-06,-0.024983661,-0.0015965947,-0.012133687,-0.028992487
0.14090154,0.010107112,-0.09215464,-0.51001215,-0.08469736,0.010845945,-0.028437596,0.027332902,-0.010911794,-0.009374735,-0.030981122,-0.011493053,-0.03535154,-0.021916509,0.0109286625,0.0030858791,0.00048553088,-0.004270614,0.0021163358,-0.027450625,-3.817666e-05,-0.01632237,0.46994135
-0.2705623,-0.033834163,-0.025977965,0.41466188,0.40205374,-0.0021206075,-0.007710536,-0.05505376,-0.01403013,0.016227843,-0.0071180006,-0.022455918,-0.04837108,-0.034497675,-0.09815249,-0.010217081,-0.013142856,0.01240203,-0.0010097071,-0.009476819,-0.0013016445,0.018260418,-0.017094357
-0.097602576,-0.01069963,0.010468195,0.34430394,0.57528764,-0.016891684,0.05633496,-0.018918473,-0.010004106,0.012142024,-0.008700811,0.19374119,0.16029705,0.18724133,-0.008323925,-0.08310256,0.0013166423,0.0040277005,-0.00037514226,-0.006340068,-0.0003163668,0.018863183,-0.013015245
0.065980114,0.032323763,0.03933367,-0.045093257,0.01684874,0.014156536,-0.03574911,0.0039949333,0.0141854305,0.007696385,-0.0059777596,-0.013591937,-0.039073475,-0.023549564,0.012775387,0.008599654,0.0038000073,0.0043319687,-0.00036182016,-0.01779098,7.594097e-05,0.025627552,-0.026396396
-0.018053422,0.062851936,-0.032489482,-0.24890707,0.3207271,0.0291526,-0.087975524,-0.012615938,0.023168182,0.006494168,0.0021081348,-0.014464613,-0.053662665,-0.029702669,-0.2648955,-0.012410906,-0.010386447,0.0047049243,-0.001232651,-0.02347907,0.0021841193,0.018423453,-0.019512426
0.00078454067,0.044825915,0.03138354,-0.0041971635,0.09496036,0.020210752,-0.05340346,-0.0051069516,0.018054355,0.0083915815,0.023598928,-0.017703153,-0.047366343,-0.02470044,0.006726279,0.0006669694,0.0016907795,-0.0023912946,-4.5667875e-05,-0.01654969,-0.0018056162,-0.00872729,-0.025393013
0.23129702,0.024850644,-0.01512532,0.20745732,-0.12049277,0.053200614,-0.04907319,0.046361875,-0.0010206401,-0.013253459,0.06296307,-0.02097515,-0.04141065,-0.03632864,0.008077817,0.007069958,0.0020409161,-0.0037551338,-0.00027472404,-0.010165699,-0.00051480305,-0.0045841145,-0.024980556
0.1539593,0.020628918,0.12199219,-0.23899359,-0.4149736,0.03541193,-0.04556963,0.030140854,-0.004461948,0.018551808,0.0017534818,-0.015933476,-0.040953305,-0.022749191,0.0013548877,-0.013533991,-0.0010975816,-0.019182391,-7.3878105e-06,-0.029352257,-0.00062572066,-0.019407857,-0.023381928
-0.04164495,0.010186638,0.05395539,-0.31602642,0.43970004,0.00033276828,-0.044778068,-0.007851461,-0.010309229,0.034022145,-0.07079373,-0.014578332,-0.056654446,-0.031528562,0.0076348027,0.006272722,0.0006570996,-0.0028388142,-0.00053950766,-0.013816982,0.00093237485,-0.0068564396,-0.020945884
0.0012715105,-0.07210936,0.003997338,0.4034086,0.050482493,-0.028489595,0.05486731,-0.0044621383,-0.012078501,0.019377263,-0.010854951,-0.023182148,-0.03969499,-0.033196393,0.011801901,0.0023005046,0.0013433743,-0.0020119965,-0.00032415116,-0.012510958,-0.000111423775,-0.004963578,-0.028163075
0.2009553,0.049874756,-0.005720613,0.19772993,-0.11231554,0.043960825,0.09698613,0.047566164,0.014192948,-0.0009798566,0.014153724,-0.017881699,-0.03862532,-0.026058491,0.021052796,0.008730527,0.0028166673,-0.0037538356,-0.001045299,-0.011114481,-0.00035806114,-0.00901508,-0.021333078
0.053434372,0.0039857933,0.020370001,-0.41510797,0.43830428,0.019531257,0.05337564,0.008339928,-0.01002409,0.041096024,0.007877201,-0.012335243,-0.055715453,-0.031078605,0.0043422454,0.0043010353,0.00060881727,-0.001758189,-4.0818235e-05,-0.021143846,0.0010775265,-0.001203782,-0.022384789
-0.09588822,0.027695451,-0.049695518,-0.42189518,-0.46981582,-0.047689058,0.006136551,-0.02414749,-0.012858674,-0.01657927,0.14780265,-0.015500416,-0.039926365,-0.02118263,-0.010331652,0.002246151,0.00056073023,0.016423402,-0.0013390897,-0.01701667,0.00015099885,-0.006930468,-0.026480451
0.16979879,0.011713584,-0.06619635,0.0942949,0.33708638,0.016037308,0.15210095,0.02966339,-0.023598824,0.0063804258,-0.030238615,-0.017281704,-0.043440223,-0.031943887,0.010953365,0.0035470526,0.0018139433,-0.0027687857,-0.00025753534,-0.010080405,-0.00083480595,-0.00088148913,-0.023150083
0.13200043,0.015227303,-0.20641701,-0.49600914,-0.42920855,-0.07701636,-0.039666917,0.039674032,0.0015626117,-0.026985006,0.056519452,-0.014746594,-0.039256174,-0.022368034,-0.0713488,-0.030303415,0.0026596824,0.05340817,0.014279113,-0.034636665,-0.0029198327,0.022381954,-0.0235595
-0.1947658,-0.016985564,-0.054296,-0.08203568,0.30138963,-0.010001455,-0.041061122,-0.048467055,-0.022146301,0.0039321007,-0.0111047495,-0.017410543,-0.059037775,-0.03183356,-0.0011283433,0.0008533211,0.00039330666,-0.0011545586,-0.0001845511,-0.012325762,-0.0008645877,-0.0075089084,-0.019708034
0.17334324,0.017444799,-0.021168057,-0.15603329,-0.33025277,0.020299993,-0.036741797,0.06657711,-0.0015348021,-0.026537105,-0.053315554,-0.01567078,-0.03851769,-0.023151722,-0.16037767,0.0004274661,-0.01856213,0.04120954,0.03199144,0.10521083,-0.0011403761,0.020182237,-0.024564134
0.024611417,0.0017413967,-0.0477919,0.27402526,0.43861145,-0.009962814,0.04807061,0.005365749,-0.005150176,0.0031124859,0.0050915442,0.17651452,0.42954952,0.22328645,0.0059536593,0.001128566,0.002347556,-0.0013686677,-0.00030341613,-0.0068077315,-0.000102838145,-0.003366022,-0.013203403
-0.050629366,-0.04948639,0.005112184,-0.31702167,0.2939427,-0.064859815,0.06676452,-0.043391347,-0.018518358,0.016721688,-0.023808002,-0.015053091,-0.060069382,-0.02796215,0.0046262266,0.0036003825,0.0011721676,-0.0021734238,-0.000110233035,-0.019860897,-0.0029328293,-0.008817006,-0.020439738
-0.12486739,-0.04422244,-0.038276006,0.2920326,0.24910206,-0.011502671,0.098206066,-0.03227589,-0.026627783,0.01488022,-0.024438709,-0.023266645,-0.045211725,-0.036800202,-0.0005682912,-0.00049227366,0.00045903513,-0.002706374,-0.0001387545,-0.009761559,-0.0018730115,-0.005974881,-0.021126425
0.15451495,0.0725444,-0.018287556,0.29940978,-0.18263955,0.06650789,-0.043789178,0.038751453,0.028791778,0.025171034,-0.015936961,-0.019947123,-0.03962986,-0.030857544,0.109926045,-0.10092293,0.0077503175,-0.003224627,-0.00071878097,-0.01132396,0.00015465179,0.00024569893,-0.02044241
0.0076159127,0.0060087983,0.012194244,0.41965416,-0.083946615,0.035394657,-0.047412604,-0.0163202,0.0057804845,-0.0011732763,-0.062204733,-0.020484123,-0.041923475,-0.0343964,0.0018582119,0.004085832,0.0031229225,0.005025196,0.01008512,-0.00682523,0.00055344525,0.024894038,-0.02324751
0.019653868,0.0008448835,-0.038896963,0.14801987,0.3709546,0.02851051,-0.047582917,0.006175422,-0.018820858,0.0064494708,0.06452488,-0.020659275,-0.04542344,-0.03744766,0.0030463606,0.0035179066,0.0007478942,-0.0030945635,-0.00024576893,-0.009411963,-0.00011203827,-0.003212582,-0.025266655
-0.1466604,-0.054466583,0.041989677,-0.1037474,0.25727445,-0.011511165,-0.018678071,-0.055217247,-0.020868765,0.01530347,0.022623707,-0.014813006,-0.058908038,-0.03211289,0.0053680036,0.0011510067,0.00037235068,-0.0025940626,3.191513e-05,-0.018921202,-0.0007691452,-0.009758856,-0.018648641
-0.054056577,0.029661553,-0.040389583,-0.4022672,-0.16465388,-0.010579434,-0.041682173,-0.019883608,-0.0029564875,-0.026600426,-0.042390283,-0.014648663,-0.04006447,-0.022922745,0.010454312,0.006622753,0.0007110221,-0.0022587015,-0.00022474822,-0.0205582,0.00015567036,-0.0046876245,-0.028391551
0.18022624,0.026485935,-0.042962566,-0.19737414,-0.26356447,0.017263737,-0.032782793,0.04572339,0.00028168494,-0.028771523,0.024279697,-0.016728172,-0.041618485,-0.022905465,0.016603714,-0.007518074,0.014836966,0.0033315618,0.00047982784,0.052300476,0.00044714293,-0.0033025604,-0.02173893
0.1400364,0.124922216,-0.020888403,-0.20174296,0.30944166,0.00841835,0.04617728,0.023827955,0.026327481,0.020143146,0.004323516,-0.013381225,-0.052528556,-0.029166555,0.012634984,0.0025932894,0.00018950601,-0.0037273664,-9.319557e-05,-0.019072838,0.0001483796,-0.008557956,-0.020644149
0.17190537,-0.036299217,0.023497982,0.31323728,-0.0057681017,0.021560598,0.09324073,0.038579367,-0.022877418,0.010649501,0.020226432,-0.022131747,-0.038120847,-0.03216276,0.0063622063,0.008306891,0.001769842,-0.002231513,-0.00012734316,0.09157573,0.0023055924,-0.0011881798,-0.024236841
-0.12622896,-0.0076967077,0.019221582,-0.34517115,-0.12151105,0.023261346,0.03416926,-0.037029013,-0.011171024,-0.019797448,0.0039140563,-0.015505928,-0.04078017,-0.021872388,-0.05208949,-0.008785041,0.00046623097,0.00031948442,-0.0017645482,0.1461989,0.004804052,-0.0042853295,-0.023831548
0.13696487,-0.0010608931,-0.02182027,-0.12613928,-0.13468795,0.013020856,-0.05339273,0.0383889,0.023896486,0.0022902975,-0.031536963,-0.015586473,-0.038211066,-0.024349514,0.06603075,-0.044447877,0.021454671,-0.00199178,0.001158812,-0.012700181,-0.0013402738,0.022744486,-0.029752715
0.17377391,0.086365506,0.024460437,-0.4144754,0.12018246,0.032984503,-0.0132756205,0.033106443,0.02450443,0.014721546,0.02820947,-0.015263233,-0.041677468,-0.02301489,0.15978746,-0.00072501705,0.016766656,0.000499773,0.0002110379,-0.025128696,0.0014760003,0.030448087,-0.02291719
0.14455503,0.0059640706,0.011360789,-0.11296334,0.01805082,0.006047189,-0.06819579,0.033741903,-0.0003296025,0.00632465,0.09802133,-0.016327504,-0.039389014,-0.026040185,-0.20278585,-0.04548131,-0.010839508,0.0069843456,-0.00065665867,-0.03878781,0.008318926,-0.011499051,-0.029360037
-0.031748902,0.020851588,-0.023847189,0.21370919,-0.0989699,0.026917346,-0.085263826,-0.017999358,0.012024428,-0.019677449,0.0053594722,-0.023096591,-0.043401685,-0.03534648,0.008926189,0.0027202915,0.002555004,-0.0022336144,-0.00019489312,-0.010070277,0.00042918275,-0.009099682,-0.025809992
-0.10961746,-0.03104827,-0.0030065826,0.39421955,0.58346903,-0.016017102,0.037513502,-0.028066907,-0.0135544725,0.01849213,-0.017371945,0.19448458,0.3939843,0.20948294,0.0028327832,0.0012370574,0.0010794115,-0.0028332376,-0.00015326522,-0.0093251895,-0.0012427755,-0.0056551364,-0.011020825
-0.39270335,-0.03034454,-0.0073275412,0.087476104,0.17180862,-0.0066420063,-0.16771768,-0.11111451,-0.015162129,0.0040031318,0.008832207,-0.024659175,-0.051664267,-0.045421675,-0.26980823,-0.053547114,-0.012594526,0.017122231,-0.0010136386,-0.012043057,-0.0011340457,0.005714318,-0.017921817
-0.18251608,0.028093807,-0.005599051,0.07910112,0.30500323,0.009665036,-0.038171995,-0.03881897,-0.008784418,0.006630744,-0.0050061718,-0.023114776,-0.047991127,-0.040192638,-0.0016772876,0.004032548,-9.9171484e-05,0.0010383105,-0.00016294427,-0.009757568,-0.0014134382,-0.0065318565,-0.016918113
-0.20383553,-0.00070891477,-0.063484214,-0.0060054506,-0.15751639,-0.05922685,-0.0919287,-0.045466054,0.0023027903,-0.007017106,0.013666687,-0.019362347,-0.04357361,-0.025876673,-0.108277604,0.031849537,-0.003459524,0.0025228916,-0.0024424205,-0.014780889,0.0021603634,0.031436097,-0.024485419
0.17526752,0.012476123,-0.009895401,-0.39212367,-0.37085065,-0.005606366,-0.035299268,0.055669934,0.0022317234,-0.007449814,-0.010790622,-0.015370624,-0.038944274,-0.02250331,-0.011432551,-0.009668994,0.010750675,-0.01948039,0.004893746,-0.0039550746,-0.0013527817,0.020917295,-0.02283428
-0.20376246,-0.02838296,-0.022116939,-0.11924349,0.55176526,-0.012395813,-0.05560942,-0.046834476,-0.02336805,0.008963915,0.027853973,-0.014035276,-0.05584284,-0.030755768,-0.06503445,-0.01019366,-0.012377683,0.008202238,0.0030633998,-0.0148477955,-0.0009182166,0.005918277,-0.015531397
0.12844566,0.017508388,-0.024668029,-0.5045608,-0.6076877,0.014201125,-0.0373363,0.043192927,0.020539697,-0.02681857,0.056731556,-0.01653323,-0.042235516,-0.02214318,0.008863107,0.016709618,-0.0008106171,-0.008080544,2.6228921e-05,0.19450876,0.00080209854,-0.008398482,-0.016600218
0.04143135,0.022208614,0.02118352,-0.22659665,-1.1214086,-0.0015911908,-0.029133856,0.028196821,-0.013165783,-0.055732176,-0.056482993,-0.0154517805,-0.039809063,-0.02110773,-0.015643518,-0.0070310626,-0.0034273316,-0.0131294,0.000841336,0.15292223,-0.0007670001,-0.026908899,0.19045746
0.19153418,0.033099927,0.023208274,0.21558082,-0.14840847,0.005345612,-0.057385933,0.03286332,0.000760106,-0.007869104,-0.010514337,-0.02185966,-0.042094577,-0.03529722,-0.13275318,0.0038188915,-0.05588571,-0.0028426077,-0.00048993353,-0.010983511,4.549815e-05,-0.0035603421,-0.02592456
0.14643882,0.024196025,-0.0012895535,-0.28589728,0.44061616,0.026035024,0.040892888,0.017015144,-0.00061395334,0.024925716,0.009106098,-0.012725637,-0.05118254,-0.02933619,0.014070149,0.0060924604,0.0018871474,-0.0033899439,-0.0001843986,-0.014898947,0.00024748087,-0.004448336,-0.02181723
0.095276706,-0.06701131,-0.031091494,0.45854026,0.19139987,-0.02867715,0.09063864,0.022363726,-0.025567966,0.0064871153,0.009809875,0.1704696,0.37891087,0.21871413,0.006844229,0.0025724391,0.0017529337,-0.0025606758,-0.00019201706,-0.011429722,0.0023139594,-0.005341393,-0.013731338
0.03546845,-0.026915781,-0.011335419,0.2677657,0.5711455,-0.016621334,0.05527713,0.011861996,-0.017145518,0.012506542,-0.022906207,0.00021666707,0.06866813,0.11528741,-0.07679053,0.0005638833,-0.017562924,0.0025704885,-0.0060265074,-0.008809984,-0.00013444293,0.0073410296,-0.013520684
0.035784375,0.021307638,-0.037287414,0.39847657,0.5025717,0.010858674,-0.056077152,0.008235786,0.0045155114,0.009962206,-0.056239136,0.21893753,0.47086114,0.23174058,0.0034843332,0.001815168,0.001964714,-0.005748624,-0.0009970884,-0.0068700644,2.2713408e-05,-0.0071628676,-0.011228868
-0.15873347,-0.01825625,-0.040333945,0.36836112,0.3515011,-0.0020189474,-0.0024108395,-0.029598335,-0.021656223,0.0026790593,0.016837073,0.080388635,0.4244166,0.22265823,9.2041606e-05,0.0011770877,0.0007628253,0.004314714,0.0018632447,-0.0053248727,-0.0011314531,0.010805186,-0.008374119
-0.17285779,0.015426259,-0.103188284,0.4899668,0.0035936935,-0.08485029,-0.039498914,-0.029978726,-0.0011497329,-0.027104247,-0.070510164,-0.02064182,-0.045034252,-0.033069216,0.006831961,-0.0037231108,0.00083782204,-0.0028794822,-0.0005495164,-0.0077233124,-0.0026833054,-0.014329106,-0.016462725
0.18086691,0.04023123,0.110202745,0.42285806,0.035501193,0.048951056,-0.031159896,0.040384673,0.010045663,0.014642704,0.023942128,-0.014615436,-0.03203745,-0.025575468,0.012826994,0.0061995983,0.0016256275,-0.0027329512,0.0010834413,-0.012084257,0.0014920724,-0.012359565,0.33441994
0.2085036,0.069574066,0.07683967,0.06730259,-0.0015443075,0.028859397,-0.034010574,0.04533448,0.017685343,0.023455648,-0.021201268,-0.016416565,-0.039914634,-0.025972629,0.058552757,-0.03827499,0.0070745177,-0.0020545141,-0.0007447777,-0.013174904,-0.0009628554,-0.013068785,-0.02773905
-0.01311478,0.07863976,-0.0016493571,0.35370395,0.23051235,0.032976333,0.012780112,-0.019323181,0.00048232125,0.0054176445,0.03249583,-0.018655438,-0.047324214,-0.038717315,-0.19382936,0.00016775473,-0.018732512,0.003002299,-0.00033319456,-0.014687314,-0.00018455175,0.019147951,-0.018596604
0.13406803,0.008445501,0.10176716,-0.47570288,-0.093287036,-0.053256538,-0.03438404,0.026840948,0.009539844,-0.019801665,-0.014661607,-0.014768357,-0.039365154,-0.024056416,0.031986557,0.0036990708,0.0022112874,-0.0050337217,0.00015873666,-0.064342566,0.0007265868,-0.015142293,-0.021856314
-0.07962461,0.015293106,-0.08772154,-0.2821894,-0.39758432,0.00076901744,-0.0502222,-0.022196101,0.0036105867,-0.038311753,0.047083993,-0.015753178,-0.03952448,-0.021617308,0.0120422,0.0023151233,0.0012687306,-0.00092208723,-0.0016544145,-0.01389764,-0.00034575284,-0.004168902,-0.024052065
-0.09139254,-0.024338178,0.049878925,0.040983733,-0.07468271,0.02136021,-0.03618221,-0.008289474,-0.030391686,0.014526658,-0.021326605,-0.018565038,-0.04348333,-0.024259465,0.0069614947,0.0015851818,0.0008967304,-0.0028020309,-0.0007975642,-0.016165147,0.00032163758,-0.007963265,-0.026545884
0.14305347,0.019555304,-0.052094758,-0.33904877,-0.071976654,0.0010040004,-0.03764223,0.0389796,-0.008869406,-0.045271028,0.00011444136,0.14799216,0.22329998,0.31374142,0.01330797,0.0027475602,0.0009350733,-0.008315731,1.3104329e-05,-0.0146628795,-0.001121443,-0.015725615,-0.018716
0.05841705,-0.034356218,-0.027579656,-0.36611292,0.2689164,-0.00829082,-0.003790343,0.020033231,-0.018412702,0.023490418,-0.013266119,-0.014023188,-0.056032673,-0.02827421,0.0063259564,0.001565807,0.00073026697,-0.004679013,-5.097039e-05,-0.016634703,0.00077067706,-0.0060194638,-0.023166062
0.1959326,0.11591814,-0.03194063,-0.15441836,0.067529485,0.03560005,-0.06736739,0.057102587,0.027369944,0.010986328,0.067630716,-0.014683545,-0.03826245,-0.02313838,0.025521262,0.0035871856,0.0025073239,-0.006105982,-0.00050561165,-0.017734407,-0.0014875585,-0.010200899,-0.021918425
0.14077076,0.034025688,0.079441465,-0.33834034,-0.134399,-0.03462537,-0.054163028,0.032497376,0.016997473,-0.0031495509,0.049488936,-0.013823203,-0.037911348,-0.021427296,0.062376026,0.0020943393,0.0017122595,0.008208043,-0.00024794356,-0.015748542,-0.00029626212,0.01577411,-0.025129355
-0.015141327,0.07005964,0.012703545,0.27313676,-0.13064958,-0.15291594,-0.057766348,-0.013911411,0.009094705,0.0069122207,0.15618175,-0.024693647,-0.046983294,-0.035598435,0.047891088,0.007331415,0.0034683237,-0.020613795,0.002970074,-0.010857401,0.0016811959,0.0063530398,-0.023996428
-0.17640752,-0.027815646,-0.085315526,-0.45868066,-0.26887476,0.00015349366,-0.016556703,-0.035190035,-0.031164654,-0.02171468,0.044769928,-0.01646298,-0.040606633,-0.022904072,0.023148226,0.00085220544,0.00093798124,-0.0035464955,-0.0008708897,-0.022650206,0.0014492709,-0.009290568,-0.022079442
-0.17928661,-0.055771235,-0.020296212,0.2445046,0.17050642,-0.031974174,0.12231909,-0.04916947,-0.02801975,-0.001764572,0.016332975,-0.02419096,-0.04644362,-0.039095573,-0.00037426088,0.0017247145,0.00091888965,-0.000966323,-7.347102e-05,-0.00813356,-0.0013256833,-0.0038785902,-0.01986826
-0.07179685,-0.07049214,-0.0043477626,0.26824293,0.24842295,-0.014794894,0.079373755,-0.03572178,-0.028889526,0.00037892789,-0.013001035,-0.022694983,-0.045619998,-0.039274838,0.0035134587,0.0014629905,0.0016530348,-0.002903382,-0.00019624135,-0.009055193,-8.9399306e-05,-0.0067079887,-0.023869881
0.1737701,0.05788191,-0.016975941,-0.1113321,0.09232491,0.030877005,-0.049487032,0.03871357,0.017256124,0.0075410474,0.026910903,-0.015013987,-0.040016558,-0.026673764,0.014306519,0.002157613,0.0017358834,-0.0028544504,-0.00027297,-0.020617919,-0.0014223619,-0.014259851,-0.022080757
0.14570798,0.025779925,0.00033510826,-0.27928248,-0.59050053,0.013333987,-0.030275457,0.029149972,0.0013713527,-0.05714222,0.014661217,-0.017553227,-0.04149167,-0.022707183,0.10605844,0.031381104,0.0253555,-0.012417195,0.0022752215,-0.02259256,-0.0009795467,0.07412034,-0.016281236
0.0989374,0.02820486,-0.029274363,0.5037607,0.39458564,0.021616377,0.059342045,0.017519234,0.002514777,0.0036333215,-0.030402832,0.17689675,-0.033836797,0.2598712,-0.12055023,0.018056463,-0.021320878,0.0036114673,-0.0015879625,-0.009597513,0.002350052,0.010617817,-0.015406661
0.07922693,0.008052305,-0.055949874,0.44534412,-0.12009216,-0.024623254,-0.046079572,0.038674768,0.010510062,-0.010838604,-0.052901197,-0.020545468,-0.03835282,-0.0330916,0.028254814,0.0067264466,0.009394642,-0.0029417942,0.0008473851,-0.014740799,-0.001059876,0.018816356,-0.025439966
-0.0026784062,0.0016704397,-0.024703367,-0.14097923,0.19830406,0.03492783,-0.057778068,-0.004941634,-0.015800688,0.020190451,0.03689893,-0.0149126295,-0.0502309,-0.025609318,0.0035076546,0.0018800299,0.001819493,-0.0032818217,-0.00025757373,-0.016976729,0.00047892582,-0.007852597,-0.020380111
0.019583866,-0.034640227,-0.012455975,0.36747614,0.525553,-0.022353573,0.065778345,0.005979351,-0.016533785,0.0122972615,0.006521992,0.22948915,0.46025726,0.22639439,0.007633082,0.0007161467,0.0018525928,-0.001119025,-0.00023764645,-0.0077879415,-0.00014886621,-0.0048722164,-0.01371116
-0.14154732,0.01855884,-0.09962544,-0.67034584,-0.16539961,0.016216759,-0.020284439,-0.04401697,0.004083295,-0.037249286,-0.08897328,-0.015225865,-0.040959865,-0.023282604,0.0041902377,-0.0048380545,0.0006478103,0.014282331,0.0024921715,-0.031117152,0.0003265814,0.006766929,-0.027173752
0.0272399,0.06274096,-0.0023988062,0.5284543,-0.17921798,-0.047182124,-0.047715217,-0.013360791,0.008630326,-0.00087288633,-0.041086923,-0.017462004,-0.034786135,-0.028297216,0.013129868,0.008569406,0.0018404104,0.01000431,0.0010871855,-0.006111439,0.0015968187,-0.00631143,0.32209665
0.14490674,-0.049255215,0.022129375,-0.4394303,-0.012967461,0.024315007,0.048280843,0.019768573,-0.031699784,0.020972136,0.061769594,-0.015124497,-0.039185666,-0.021686485,0.021516532,0.0034220465,0.003229427,-0.002812576,0.0005829716,-0.019557005,-1.5843492e-05,0.0010317289,-0.025547812
0.05488911,0.01141467,-0.041745048,0.35254577,0.21672708,0.02055556,0.0528059,0.0078744935,-0.006994003,0.002655614,-0.009971854,-0.019059278,-0.043244027,-0.035163127,-0.0029790099,-0.0001676443,0.0007701973,0.0038034152,0.00028472955,-0.008965575,-0.00017420459,1.1782272e-05,-0.021476194
-0.045155577,-0.02973073,-0.025016762,0.37098408,0.4298421,-0.0077883853,0.06221578,-0.029707205,-0.021924762,-0.0012866087,-0.013751469,-0.022053981,-0.04207699,-0.033708915,0.027493112,0.0024785837,0.0013781419,0.0067482833,0.0015224998,-0.011417925,9.597643e-07,0.014124901,-0.022093039
0.101170845,0.07975742,0.01060507,-0.28419474,0.28374282,0.01626928,-0.0180694,0.022795068,0.020863065,0.02344123,-0.0060179564,0.15490568,-0.04320105,0.2658888,0.011615334,0.001889499,-0.00035638438,-0.0022930629,-2.0100702e-05,-0.02024594,0.00043024443,-0.009877336,-0.01781903
-0.33496696,-0.0733165,-0.020027544,-0.032204412,0.20688671,0.010617142,-0.081574835,-0.09336984,-0.03553034,-0.0028265093,-0.014234433,-0.01967965,-0.060870435,-0.033177696,0.0021859303,0.0019740146,0.0004179182,-0.0084195165,-0.0004305394,-0.014512153,-0.0008645877,-0.0064219357,-0.020079037
0.19566107,0.12791221,-0.065639116,-0.21423355,0.13865343,0.03440694,-0.048867974,0.042852756,0.051317427,0.0008319686,0.013903736,-0.015149338,-0.04179189,-0.025356589,0.024634285,-0.010577417,0.0027593032,0.010896542,-0.00041493683,-0.0208369,-0.0012900431,0.046123106,-0.022370871
0.14642721,-0.06062671,-0.01371856,-0.3025409,0.4112125,0.00021554122,0.06116626,0.03870711,-0.02256589,0.013315457,0.014567995,-0.011135291,-0.047842853,-0.027096353,0.17882738,-0.0061509665,0.012442611,-0.0022565776,0.00048754964,-0.014036605,-0.00099056,0.014640608,-0.019839998
0.15364896,0.008736417,-0.04988573,-0.12389326,-0.31211776,0.016191348,-0.046223894,0.04032818,0.009765976,-0.012315754,-0.033093397,-0.015652861,-0.038834028,-0.02341349,-0.10800598,0.0032899606,-0.0361944,0.038361143,-0.0013715983,0.090330355,-0.001106977,-0.00488834,-0.019655365
-0.025326066,0.050853226,0.054620277,0.21663035,-0.03597148,-0.051681504,-0.043269806,-0.013974067,0.01649641,0.02424346,0.15354703,-0.023289824,-0.046687916,-0.033392474,0.070706405,0.01406995,0.008348895,-0.0013564987,-0.0003012278,-0.013604575,0.00024084265,-0.008548935,-0.02768476
-0.15984617,0.017078947,0.037340555,-0.12326633,-0.12184285,0.018187242,0.0012115741,-0.0335245,-0.018356573,-0.0025047297,-0.00923973,-0.014479269,-0.03974033,-0.022912243,0.0039846166,8.441422e-05,0.0013292744,0.0046174433,0.0026206167,-0.013684051,0.000516369,0.014212297,-0.024899455
0.110850476,0.011935391,-0.14625546,-0.17219597,-0.53946716,-0.024346288,-0.04413523,0.03330358,-0.006660555,-0.0005327725,0.002905909,-0.015562927,-0.037575055,-0.022816539,0.00073896843,0.005018326,-7.58705e-05,-0.0049713985,-0.0002515546,0.07503308,-0.0011468859,-0.011259295,-0.028045906
0.15204568,0.09263713,-0.07771711,-0.3896364,-0.30703118,-0.00078279537,-0.023700902,0.045466274,0.043169074,-0.023797836,-0.0399696,-0.014890477,-0.038200818,-0.021701233,0.0059976936,-0.0005481298,0.004428262,0.013687677,-0.0024293158,-0.017606003,-0.0019725543,-0.008679734,-0.017576069
-0.10703347,-0.059122253,0.01895901,-0.42528486,0.28168145,-0.03383177,-0.0006638175,-0.036718484,-0.015957458,0.02130061,0.013584089,-0.014692482,-0.059493728,-0.027386555,0.0058492725,0.0030933216,0.0007326761,-0.00061337993,-0.00013663802,-0.021803513,-0.0014831974,-0.0050441576,-0.021576077
0.124059714,0.032674003,0.17949745,0.4332062,-0.37344524,-0.017679796,-0.05315509,0.039413203,0.006753315,0.015184774,-0.0209512,-0.018426972,-0.033138633,-0.029070646,0.020441417,0.0059884116,0.0029429568,0.044982586,-0.0005864317,-0.020197831,-0.0006996002,-0.011010145,0.2535954
0.032906864,0.0075521697,0.007823534,0.3918298,0.32384604,-8.148928e-05,0.05054745,-0.0020849097,-0.0053998507,0.0009056336,-0.039670546,-0.015502705,-0.03308917,0.24684776,0.0054231286,0.002526199,0.0016113601,-0.0017000005,-0.00029817972,-0.0075417943,-0.00014886621,-0.0037565737,-0.021548877
0.14123613,0.004918914,-0.05342487,-0.39566877,-0.34920695,-0.0061631715,-0.045358732,0.043011926,-0.007940826,-0.022737974,-0.019276492,-0.016102202,-0.040105138,-0.023123512,0.0059246295,0.008293924,0.0010574978,-0.010222034,-0.000823564,0.102459945,-0.00079423253,-0.0043094093,-0.028369077
-0.049138904,0.09662132,0.13513875,0.6964239,-0.16532028,0.009411915,-0.01587516,-0.008575167,0.036528092,-0.0068192957,0.10395756,0.1062845,0.44784254,0.19370973,0.049093995,0.022915937,0.0025634577,0.00018316584,0.00011501698,-0.007039126,0.0016506239,0.042869244,-0.016214449
-0.13658378,0.03632209,0.0018643459,0.1903355,0.03474475,0.022304894,-0.07090177,-0.031873874,0.010343786,0.0102253035,0.040301174,-0.022061482,-0.045495853,-0.037523415,0.005204334,0.0015080887,0.0011238062,-0.002890585,-0.00016477976,-0.008818906,-7.936509e-05,-0.0062763016,-0.024339005
-0.09278735,-0.072895706,-0.0024615189,-0.3237297,0.28036207,-0.03352785,0.05413077,-0.03676953,-0.02517013,0.013984819,0.0020333042,-0.014533385,-0.05929364,-0.027408242,0.0071617337,0.0021637562,0.0012299684,-0.0017225236,-0.00014190524,-0.021789942,0.00046950148,-0.0068933256,-0.019985119
0.13146363,0.0066881916,0.002234233,-0.066326454,-0.05316106,0.013597657,-0.02964407,0.040656086,0.001224149,0.000802389,-0.040715564,-0.009971628,-0.032943286,-0.02232009,0.002889807,0.007261342,0.0021809828,-0.0039604297,0.000897178,0.09533337,-0.0010815227,-0.011265941,0.40007225
-0.0866642,0.019472409,0.033869542,0.36005446,0.04944247,0.033212733,-0.019801864,-0.030047249,-0.018917512,0.015049951,0.018301666,-0.019581545,-0.044893656,-0.037033834,-0.0079663005,0.012164137,0.0036769637,0.005470883,-0.001839456,-0.008870686,0.00038576068,0.03762019,-0.022216462
0.18967342,0.012101732,-0.13363507,-0.60426027,-0.4700908,-0.002800562,-0.05128712,0.07080882,-0.007169839,-0.029705815,-0.07394957,-0.015651265,-0.040135045,-0.022850536,0.00096719695,-0.008528867,0.0023538002,-0.020256506,-0.000719718,-0.039428536,-6.733695e-05,-0.028102819,-0.024704924
-0.13008052,-0.033521555,-0.016102074,-0.13714702,-0.10867664,-0.00240874,0.10705656,-0.03576545,-0.0122749405,-0.030044176,-0.003081298,-0.015558292,-0.0393076,-0.02303876,0.0075939205,0.0018933335,0.0012438697,-0.001218329,-0.00030053945,-0.014322141,0.0004800584,-0.004533358,-0.025700506
0.13417861,0.040235966,-0.052635137,-0.034937058,-0.106584065,-0.0065318183,-0.054639094,0.07113308,0.016870048,-0.0036227508,0.16317785,-0.014646568,-0.037379257,-0.024659576,0.014126583,0.012136319,0.00041644298,-0.0063161063,-0.00033281237,-0.022855941,0.008349415,-0.010740442,-0.031035852
0.18832158,0.078321695,-0.1727399,-0.12538953,-0.3520383,0.0073065404,-0.036769032,0.04169629,0.030213067,-0.027764762,-0.03971535,-0.014441187,-0.037430067,-0.021149524,0.023433657,0.007094948,0.0147759775,-0.019821763,0.016632112,-0.0025636565,-0.0006083804,0.009552307,-0.015994502
0.023060985,0.09442571,-0.084853835,-0.091979,-0.13894857,-0.06711443,-0.060575526,-0.0015375484,0.046805486,-0.02853588,-0.035559226,-0.015346626,-0.03937275,-0.022488689,0.01581524,0.0068379086,0.0043874877,-0.0009391026,-0.00034786068,0.12561227,0.005830244,-0.0089383675,-0.024604544
0.08134738,0.027432341,-0.018731428,0.386014,-0.35306835,-0.011941872,-0.054606903,0.036191598,0.0056774463,-0.00064076437,-0.026403466,-0.0223686,-0.039520577,-0.03443337,0.008823253,0.01181596,0.002542359,-0.010309159,-0.0003721595,0.09206895,-0.0002516954,-0.009143119,-0.018480858
-0.23431508,-0.0047187,0.028470242,0.058295812,-0.10217988,-0.014018379,-0.07937046,-0.05292791,-0.021305306,-0.003002671,0.011267889,-0.018690426,-0.044696942,-0.029980125,0.0054124277,-0.0024578227,0.0002511564,-0.0066617858,-9.9486555e-05,-0.016427431,-0.0011185408,-0.01369068,-0.018342542
-0.25585228,-0.036152363,-0.007879069,0.21956626,0.41674495,0.009742793,0.11844624,-0.060625542,-0.011737002,0.017438697,-0.016221983,-0.02690374,-0.046939563,-0.041550215,0.0023223432,0.00043664465,0.00073068496,-0.004080939,-0.00015260497,-0.009729591,-0.0011997684,-0.0041271267,-0.01974544
0.022140557,0.0757614,-0.05087083,0.4325295,-0.11326581,-0.06781442,-0.04093332,-0.008216352,0.0180833,-0.012688452,0.07315276,-0.016799508,-0.03421449,-0.029430486,0.014936032,0.018250972,0.0011054253,0.005637193,0.0007772385,-0.012223885,-0.0007190022,-0.008085612,0.40863553
-0.24596986,0.08769158,-0.009024118,-0.33954406,-0.113795936,-0.14915101,0.012737107,-0.0694055,0.02886448,-0.032096487,0.015285791,-0.015803928,-0.0416674,-0.02298048,0.019959297,-0.01037028,0.0011596213,0.0060654962,0.0014524986,-0.02458744,0.0005668896,0.022786874,-0.021342035
0.090381645,0.012122201,-0.025660867,0.40848064,0.31451848,0.026906323,0.0955867,0.02299561,-0.017789103,0.0074695516,0.028080655,-0.018992888,-0.04002063,-0.031670664,0.011089481,0.0045066,0.0018064119,-0.0013517656,-0.0002929918,-0.0077440804,0.0023572478,-0.0036750734,-0.02300193
-0.25581986,0.053702183,-0.06024376,-0.1337944,-0.10281753,-0.08880893,-0.036035724,-0.091642626,0.027824234,0.013624588,0.032077488,-0.015104058,-0.04154195,-0.025304139,-0.04523059,0.0049245,0.0039506783,-0.00384964,0.012283672,-0.015087414,0.0005631205,0.022477932,-0.026311113
-0.10109708,-0.030252373,0.0037353411,0.4566275,-0.025726635,-0.026859967,0.03713245,-0.040857695,-0.015673937,0.009691155,0.009836279,-0.024226923,-0.039437737,-0.030065032,0.047968265,0.00065801194,0.0054483735,-0.0014182699,0.004882345,-0.008682242,0.00031851872,0.0106987255,-0.024544535
0.13455644,0.0705534,0.075310774,-0.077605255,-0.12315355,0.026961435,-0.04470349,0.023293313,0.023016727,-0.00069942954,0.024380252,-0.010068615,-0.03224427,-0.01989232,0.0030549448,0.011203477,0.002566302,0.0044976347,0.0027016604,-0.017992646,-0.0003761616,0.032186083,0.37542573
-0.17984806,-0.020780835,0.022533575,-0.1248318,0.026811099,-0.02548619,-0.09248408,-0.049219936,-0.030678902,0.011707964,-0.056197796,-0.014482877,-0.04486809,-0.024101838,0.007995006,1.3403358e-05,0.0024381555,-0.0053160777,-5.859697e-05,-0.013395958,0.0035300234,-0.015008306,-0.016351925
-0.23781498,-0.020534698,0.024544679,-0.12663552,-0.18759643,-0.1499689,-0.079618536,-0.07690129,0.0116433,-0.005304449,-0.045521546,-0.0153649775,-0.041413758,-0.0243801,0.0036682375,0.0048944927,0.0026053062,0.0007225486,-0.0011225397,0.11362874,0.001811705,-0.019144712,-0.027072681
-0.16586058,-0.003798853,-0.08323239,0.018807765,-0.24300957,0.06819751,-0.035810746,-0.026846927,-0.049509242,-0.02501172,0.025894288,-0.020493772,-0.042612527,-0.025466027,-0.18489745,-0.038897414,-0.024253253,0.00346848,-0.0027980912,-0.014218066,0.00048119322,0.019456463,-0.02188212
